{"cameraMode":{"drawMode":0,"name":"Shaded","section":"Shading Mode"},"sceneLighting":true,"audioPlay":false,"sceneViewState":{"m_AlwaysRefresh":false,"showFog":true,"showSkybox":true,"showFlares":true,"showImageEffects":true,"showParticleSystems":true,"showVisualEffectGraphs":true,"m_FxEnabled":true},"in2DMode":false,"pivot":{"x":-4.477250099182129,"y":1.0757639408111573,"z":3.1304032802581789},"rotation":{"x":-0.015394944697618485,"y":0.40139061212539675,"z":-0.006747911684215069,"w":-0.9157521724700928},"size":3.2684664726257326,"orthographic":false}